<?xml version="1.0" encoding="UTF-8"?>
<actions>
<action>
	<icon>utilities-terminal</icon>
	<name>Open Terminal Here</name>
	<submenu></submenu>
	<unique-id>1722436849665568-1</unique-id>
	<command>kitty -o allow_remote_control=yes -o enabled_layouts=tall</command>
	<description>Example for a custom action</description>
	<range></range>
	<patterns>*</patterns>
	<startup-notify/>
	<directories/>
</action>
<action>
	<icon></icon>
	<name>Search</name>
	<submenu></submenu>
	<unique-id>1722714630722459-1</unique-id>
	<command>catfish %f</command>
	<description>Search with catfish</description>
	<range>*</range>
	<patterns>*</patterns>
	<directories/>
</action>
</actions>
